"TotLoop";"LoopNormInter";"TotCollateralETH";"OldcollateralETH";"OldCollateralUSD";"TotCollateralUSD";"NewCreditUSD";"NewCollateralETH";"TotCreditUSD";"NetRevenueUSD";"NewKeet10pctUSD";"TotKeet10pctUSD";"OraclePrice";"Leverage";"CollLoanRatio";"LoanColl";"LiquidPreisMaxMint";"EndLiquidPriceUSD";"StartSoftLiquidUSD"
"0";"100";"            8.99";"            5.00";"           9?025";"          16?221";"       7?995";"            3.99";"       7?995";"      9?025";"            800";"            800";"      1?805";"     1.8";"        203%";"     49%";"             1?806";"            1?005";"             1?046"
"1";"    1";"           12.17";"            8.99";"          16?221";"          21?958";"       6?375";"            3.18";"      14?370";"      9?025";"            637";"          1?437";"      1?805";"     2.4";"        153%";"     65%";"             1?806";"            1?334";"             1?389"
"2";"    2";"           14.70";"           12.17";"          21?958";"          26?532";"       5?083";"            2.53";"      19?452";"      9?025";"            508";"          1?945";"      1?805";"     2.9";"        136%";"     73%";"             1?806";"            1?495";"             1?556"
"3";"    3";"           16.72";"           14.70";"          26?532";"          30?179";"       4?052";"            2.02";"      23?505";"      9?025";"            405";"          2?350";"      1?805";"     3.3";"        128%";"     78%";"             1?806";"            1?588";"             1?653"
"4";"    4";"           18.33";"           16.72";"          30?179";"          33?087";"       3?231";"            1.61";"      26?736";"      9?025";"            323";"          2?674";"      1?805";"     3.7";"        124%";"     81%";"             1?806";"            1?647";"             1?715"
"5";"    5";"           19.62";"           18.33";"          33?087";"          35?406";"       2?576";"            1.28";"      29?312";"      9?025";"            258";"          2?931";"      1?805";"     3.9";"        121%";"     83%";"             1?806";"            1?688";"             1?757"
"6";"    6";"           20.64";"           19.62";"          35?406";"          37?254";"       2?054";"            1.02";"      31?366";"      9?025";"            205";"          3?137";"      1?805";"     4.1";"        119%";"     84%";"             1?806";"            1?716";"             1?787"
"7";"    7";"           21.46";"           20.64";"          37?254";"          38?728";"       1?638";"            0.82";"      33?003";"      9?025";"            164";"          3?300";"      1?805";"     4.3";"        117%";"     85%";"             1?806";"            1?737";"             1?808"
"8";"    8";"           22.11";"           21.46";"          38?728";"          39?903";"       1?306";"            0.65";"      34?309";"      9?025";"            131";"          3?431";"      1?805";"     4.4";"        116%";"     86%";"             1?806";"            1?753";"             1?825"
"9";"    9";"           22.63";"           22.11";"          39?903";"          40?840";"       1?041";"            0.52";"      35?350";"      9?025";"            104";"          3?535";"      1?805";"     4.5";"        116%";"     87%";"             1?806";"            1?765";"             1?837"
"10";"   10";"           23.04";"           22.63";"          40?840";"          41?587";"         830";"            0.41";"      36?180";"      9?025";"             83";"          3?618";"      1?805";"     4.6";"        115%";"     87%";"             1?806";"            1?774";"             1?846"
"11";"   11";"           23.37";"           23.04";"          41?587";"          42?183";"         662";"            0.33";"      36?842";"      9?025";"             66";"          3?684";"      1?805";"     4.7";"        114%";"     87%";"             1?806";"            1?780";"             1?853"
"12";"   12";"           23.63";"           23.37";"          42?183";"          42?658";"         528";"            0.26";"      37?370";"      9?025";"             53";"          3?737";"      1?805";"     4.7";"        114%";"     88%";"             1?806";"            1?786";"             1?859"
"13";"   13";"           23.84";"           23.63";"          42?658";"          43?036";"         421";"            0.21";"      37?790";"      9?025";"             42";"          3?779";"      1?805";"     4.8";"        114%";"     88%";"             1?806";"            1?790";"             1?863"
"14";"   14";"           24.01";"           23.84";"          43?036";"          43?338";"         335";"            0.17";"      38?126";"      9?025";"             34";"          3?813";"      1?805";"     4.8";"        114%";"     88%";"             1?806";"            1?793";"             1?867"
"15";"   15";"           24.14";"           24.01";"          43?338";"          43?579";"         267";"            0.13";"      38?393";"      9?025";"             27";"          3?839";"      1?805";"     4.8";"        114%";"     88%";"             1?806";"            1?796";"             1?870"
"16";"   16";"           24.25";"           24.14";"          43?579";"          43?771";"         213";"            0.11";"      38?606";"      9?025";"             21";"          3?861";"      1?805";"     4.8";"        113%";"     88%";"             1?806";"            1?798";"             1?872"
"17";"   17";"           24.33";"           24.25";"          43?771";"          43?924";"         170";"            0.08";"      38?776";"      9?025";"             17";"          3?878";"      1?805";"     4.9";"        113%";"     88%";"             1?806";"            1?800";"             1?873"
"18";"   18";"           24.40";"           24.33";"          43?924";"          44?046";"         136";"            0.07";"      38?912";"      9?025";"             14";"          3?891";"      1?805";"     4.9";"        113%";"     88%";"             1?806";"            1?801";"             1?875"
"19";"   19";"           24.46";"           24.40";"          44?046";"          44?143";"         108";"            0.05";"      39?020";"      9?025";"             11";"          3?902";"      1?805";"     4.9";"        113%";"     88%";"             1?806";"            1?802";"             1?876"
"20";"   20";"           24.50";"           24.46";"          44?143";"          44?221";"          86";"            0.04";"      39?106";"      9?025";"              9";"          3?911";"      1?805";"     4.9";"        113%";"     88%";"             1?806";"            1?803";"             1?877"
"21";"   21";"           24.53";"           24.50";"          44?221";"          44?282";"          69";"            0.03";"      39?175";"      9?025";"              7";"          3?917";"      1?805";"     4.9";"        113%";"     88%";"             1?806";"            1?803";"             1?877"
"22";"   22";"           24.56";"           24.53";"          44?282";"          44?332";"          55";"            0.03";"      39?230";"      9?025";"              5";"          3?923";"      1?805";"     4.9";"        113%";"     88%";"             1?806";"            1?804";"             1?878"
"23";"   23";"           24.58";"           24.56";"          44?332";"          44?371";"          44";"            0.02";"      39?273";"      9?025";"              4";"          3?927";"      1?805";"     4.9";"        113%";"     89%";"             1?806";"            1?804";"             1?878"
"24";"   24";"           24.60";"           24.58";"          44?371";"          44?402";"          35";"            0.02";"      39?308";"      9?025";"              3";"          3?931";"      1?805";"     4.9";"        113%";"     89%";"             1?806";"            1?805";"             1?879"
"25";"   25";"           24.61";"           24.60";"          44?402";"          44?427";"          28";"            0.01";"      39?336";"      9?025";"              3";"          3?934";"      1?805";"     4.9";"        113%";"     89%";"             1?806";"            1?805";"             1?879"
"26";"   26";"           24.62";"           24.61";"          44?427";"          44?447";"          22";"            0.01";"      39?358";"      9?025";"              2";"          3?936";"      1?805";"     4.9";"        113%";"     89%";"             1?806";"            1?805";"             1?879"
"27";"   27";"           24.63";"           24.62";"          44?447";"          44?463";"          18";"            0.01";"      39?376";"      9?025";"              2";"          3?938";"      1?805";"     4.9";"        113%";"     89%";"             1?806";"            1?805";"             1?879"
"28";"   28";"           24.64";"           24.63";"          44?463";"          44?476";"          14";"            0.01";"      39?390";"      9?025";"              1";"          3?939";"      1?805";"     4.9";"        113%";"     89%";"             1?806";"            1?805";"             1?879"
"29";"   29";"           24.65";"           24.64";"          44?476";"          44?486";"          11";"            0.01";"      39?401";"      9?025";"              1";"          3?940";"      1?805";"     4.9";"        113%";"     89%";"             1?806";"            1?806";"             1?880"
"30";"   30";"           24.65";"           24.65";"          44?486";"          44?494";"           9";"            0.00";"      39?410";"      9?025";"              1";"          3?941";"      1?805";"     4.9";"        113%";"     89%";"             1?806";"            1?806";"             1?880"
"31";"   31";"           24.65";"           24.65";"          44?494";"          44?500";"           7";"            0.00";"      39?417";"      9?025";"              1";"          3?942";"      1?805";"     4.9";"        113%";"     89%";"             1?806";"            1?806";"             1?880"
"32";"   32";"           24.66";"           24.65";"          44?500";"          44?505";"           6";"            0.00";"      39?423";"      9?025";"              1";"          3?942";"      1?805";"     4.9";"        113%";"     89%";"             1?806";"            1?806";"             1?880"
"33";"   33";"           24.66";"           24.66";"          44?505";"          44?510";"           5";"            0.00";"      39?427";"      9?025";"              0";"          3?943";"      1?805";"     4.9";"        113%";"     89%";"             1?806";"            1?806";"             1?880"
"34";"   34";"           24.66";"           24.66";"          44?510";"          44?513";"           4";"            0.00";"      39?431";"      9?025";"              0";"          3?943";"      1?805";"     4.9";"        113%";"     89%";"             1?806";"            1?806";"             1?880"
"35";"   35";"           24.66";"           24.66";"          44?513";"          44?515";"           3";"            0.00";"      39?434";"      9?025";"              0";"          3?943";"      1?805";"     4.9";"        113%";"     89%";"             1?806";"            1?806";"             1?880"
"36";"   36";"           24.66";"           24.66";"          44?515";"          44?517";"           2";"            0.00";"      39?436";"      9?025";"              0";"          3?944";"      1?805";"     4.9";"        113%";"     89%";"             1?806";"            1?806";"             1?880"
"37";"   37";"           24.66";"           24.66";"          44?517";"          44?519";"           2";"            0.00";"      39?438";"      9?025";"              0";"          3?944";"      1?805";"     4.9";"        113%";"     89%";"             1?806";"            1?806";"             1?880"
"38";"   38";"           24.67";"           24.66";"          44?519";"          44?520";"           1";"            0.00";"      39?440";"      9?025";"              0";"          3?944";"      1?805";"     4.9";"        113%";"     89%";"             1?806";"            1?806";"             1?880"
"39";"   39";"           24.67";"           24.67";"          44?520";"          44?522";"           1";"            0.00";"      39?441";"      9?025";"              0";"          3?944";"      1?805";"     4.9";"        113%";"     89%";"             1?806";"            1?806";"             1?880"
"40";"   40";"           24.67";"           24.67";"          44?522";"          44?522";"           1";"            0.00";"      39?442";"      9?025";"              0";"          3?944";"      1?805";"     4.9";"        113%";"     89%";"             1?806";"            1?806";"             1?880"
"41";"   41";"           24.67";"           24.67";"          44?522";"          44?523";"           1";"            0.00";"      39?442";"      9?025";"              0";"          3?944";"      1?805";"     4.9";"        113%";"     89%";"             1?806";"            1?806";"             1?880"
"42";"   42";"           24.67";"           24.67";"          44?523";"          44?524";"           1";"            0.00";"      39?443";"      9?025";"              0";"          3?944";"      1?805";"     4.9";"        113%";"     89%";"             1?806";"            1?806";"             1?880"
"43";"   43";"           24.67";"           24.67";"          44?524";"          44?524";"           0";"            0.00";"      39?443";"      9?025";"              0";"          3?944";"      1?805";"     4.9";"        113%";"     89%";"             1?806";"            1?806";"             1?880"
"44";"   44";"           24.67";"           24.67";"          44?524";"          44?524";"           0";"            0.00";"      39?444";"      9?025";"              0";"          3?944";"      1?805";"     4.9";"        113%";"     89%";"             1?806";"            1?806";"             1?880"
"45";"   45";"           24.67";"           24.67";"          44?524";"          44?525";"           0";"            0.00";"      39?444";"      9?025";"              0";"          3?944";"      1?805";"     4.9";"        113%";"     89%";"             1?806";"            1?806";"             1?880"
"46";"   46";"           24.67";"           24.67";"          44?525";"          44?525";"           0";"            0.00";"      39?444";"      9?025";"              0";"          3?944";"      1?805";"     4.9";"        113%";"     89%";"             1?806";"            1?806";"             1?880"
"47";"   47";"           24.67";"           24.67";"          44?525";"          44?525";"           0";"            0.00";"      39?445";"      9?025";"              0";"          3?944";"      1?805";"     4.9";"        113%";"     89%";"             1?806";"            1?806";"             1?880"
"48";"   48";"           24.67";"           24.67";"          44?525";"          44?525";"           0";"            0.00";"      39?445";"      9?025";"              0";"          3?944";"      1?805";"     4.9";"        113%";"     89%";"             1?806";"            1?806";"             1?880"
"49";"   49";"           24.67";"           24.67";"          44?525";"          44?525";"           0";"            0.00";"      39?445";"      9?025";"              0";"          3?944";"      1?805";"     4.9";"        113%";"     89%";"             1?806";"            1?806";"             1?880"
"50";"   50";"           24.67";"           24.67";"          44?525";"          44?525";"           0";"            0.00";"      39?445";"      9?025";"              0";"          3?944";"      1?805";"     4.9";"        113%";"     89%";"             1?806";"            1?806";"             1?880"
"51";"   51";"           24.67";"           24.67";"          44?525";"          44?525";"           0";"            0.00";"      39?445";"      9?025";"              0";"          3?944";"      1?805";"     4.9";"        113%";"     89%";"             1?806";"            1?806";"             1?880"
"52";"   52";"           24.67";"           24.67";"          44?525";"          44?525";"           0";"            0.00";"      39?445";"      9?025";"              0";"          3?945";"      1?805";"     4.9";"        113%";"     89%";"             1?806";"            1?806";"             1?880"
"53";"   53";"           24.67";"           24.67";"          44?525";"          44?525";"           0";"            0.00";"      39?445";"      9?025";"              0";"          3?945";"      1?805";"     4.9";"        113%";"     89%";"             1?806";"            1?806";"             1?880"
"54";"   54";"           24.67";"           24.67";"          44?525";"          44?525";"           0";"            0.00";"      39?445";"      9?025";"              0";"          3?945";"      1?805";"     4.9";"        113%";"     89%";"             1?806";"            1?806";"             1?880"
"55";"   55";"           24.67";"           24.67";"          44?525";"          44?526";"           0";"            0.00";"      39?445";"      9?025";"              0";"          3?945";"      1?805";"     4.9";"        113%";"     89%";"             1?806";"            1?806";"             1?880"
"56";"   56";"           24.67";"           24.67";"          44?526";"          44?526";"           0";"            0.00";"      39?445";"      9?025";"              0";"          3?945";"      1?805";"     4.9";"        113%";"     89%";"             1?806";"            1?806";"             1?880"
"57";"   57";"           24.67";"           24.67";"          44?526";"          44?526";"           0";"            0.00";"      39?445";"      9?025";"              0";"          3?945";"      1?805";"     4.9";"        113%";"     89%";"             1?806";"            1?806";"             1?880"
"58";"   58";"           24.67";"           24.67";"          44?526";"          44?526";"           0";"            0.00";"      39?445";"      9?025";"              0";"          3?945";"      1?805";"     4.9";"        113%";"     89%";"             1?806";"            1?806";"             1?880"
"59";"   59";"           24.67";"           24.67";"          44?526";"          44?526";"           0";"            0.00";"      39?445";"      9?025";"              0";"          3?945";"      1?805";"     4.9";"        113%";"     89%";"             1?806";"            1?806";"             1?880"
"60";"   60";"           24.67";"           24.67";"          44?526";"          44?526";"           0";"            0.00";"      39?445";"      9?025";"              0";"          3?945";"      1?805";"     4.9";"        113%";"     89%";"             1?806";"            1?806";"             1?880"
"61";"   61";"           24.67";"           24.67";"          44?526";"          44?526";"           0";"            0.00";"      39?445";"      9?025";"              0";"          3?945";"      1?805";"     4.9";"        113%";"     89%";"             1?806";"            1?806";"             1?880"
"62";"   62";"           24.67";"           24.67";"          44?526";"          44?526";"           0";"            0.00";"      39?445";"      9?025";"              0";"          3?945";"      1?805";"     4.9";"        113%";"     89%";"             1?806";"            1?806";"             1?880"
"63";"   63";"           24.67";"           24.67";"          44?526";"          44?526";"           0";"            0.00";"      39?445";"      9?025";"              0";"          3?945";"      1?805";"     4.9";"        113%";"     89%";"             1?806";"            1?806";"             1?880"
"64";"   64";"           24.67";"           24.67";"          44?526";"          44?526";"           0";"            0.00";"      39?445";"      9?025";"              0";"          3?945";"      1?805";"     4.9";"        113%";"     89%";"             1?806";"            1?806";"             1?880"
"65";"   65";"           24.67";"           24.67";"          44?526";"          44?526";"           0";"            0.00";"      39?445";"      9?025";"              0";"          3?945";"      1?805";"     4.9";"        113%";"     89%";"             1?806";"            1?806";"             1?880"
"66";"   66";"           24.67";"           24.67";"          44?526";"          44?526";"           0";"            0.00";"      39?445";"      9?025";"              0";"          3?945";"      1?805";"     4.9";"        113%";"     89%";"             1?806";"            1?806";"             1?880"
"67";"   67";"           24.67";"           24.67";"          44?526";"          44?526";"           0";"            0.00";"      39?445";"      9?025";"              0";"          3?945";"      1?805";"     4.9";"        113%";"     89%";"             1?806";"            1?806";"             1?880"
"68";"   68";"           24.67";"           24.67";"          44?526";"          44?526";"           0";"            0.00";"      39?445";"      9?025";"              0";"          3?945";"      1?805";"     4.9";"        113%";"     89%";"             1?806";"            1?806";"             1?880"
"69";"   69";"           24.67";"           24.67";"          44?526";"          44?526";"           0";"            0.00";"      39?445";"      9?025";"              0";"          3?945";"      1?805";"     4.9";"        113%";"     89%";"             1?806";"            1?806";"             1?880"
"70";"   70";"           24.67";"           24.67";"          44?526";"          44?526";"           0";"            0.00";"      39?445";"      9?025";"              0";"          3?945";"      1?805";"     4.9";"        113%";"     89%";"             1?806";"            1?806";"             1?880"
"71";"   71";"           24.67";"           24.67";"          44?526";"          44?526";"           0";"            0.00";"      39?445";"      9?025";"              0";"          3?945";"      1?805";"     4.9";"        113%";"     89%";"             1?806";"            1?806";"             1?880"
"72";"   72";"           24.67";"           24.67";"          44?526";"          44?526";"           0";"            0.00";"      39?445";"      9?025";"              0";"          3?945";"      1?805";"     4.9";"        113%";"     89%";"             1?806";"            1?806";"             1?880"
"73";"   73";"           24.67";"           24.67";"          44?526";"          44?526";"           0";"            0.00";"      39?445";"      9?025";"              0";"          3?945";"      1?805";"     4.9";"        113%";"     89%";"             1?806";"            1?806";"             1?880"
"74";"   74";"           24.67";"           24.67";"          44?526";"          44?526";"           0";"            0.00";"      39?445";"      9?025";"              0";"          3?945";"      1?805";"     4.9";"        113%";"     89%";"             1?806";"            1?806";"             1?880"
"75";"   75";"           24.67";"           24.67";"          44?526";"          44?526";"           0";"            0.00";"      39?445";"      9?025";"              0";"          3?945";"      1?805";"     4.9";"        113%";"     89%";"             1?806";"            1?806";"             1?880"
"76";"   76";"           24.67";"           24.67";"          44?526";"          44?526";"           0";"            0.00";"      39?445";"      9?025";"              0";"          3?945";"      1?805";"     4.9";"        113%";"     89%";"             1?806";"            1?806";"             1?880"
"77";"   77";"           24.67";"           24.67";"          44?526";"          44?526";"           0";"            0.00";"      39?445";"      9?025";"              0";"          3?945";"      1?805";"     4.9";"        113%";"     89%";"             1?806";"            1?806";"             1?880"
"78";"   78";"           24.67";"           24.67";"          44?526";"          44?526";"           0";"            0.00";"      39?445";"      9?025";"              0";"          3?945";"      1?805";"     4.9";"        113%";"     89%";"             1?806";"            1?806";"             1?880"
"79";"   79";"           24.67";"           24.67";"          44?526";"          44?526";"           0";"            0.00";"      39?445";"      9?025";"              0";"          3?945";"      1?805";"     4.9";"        113%";"     89%";"             1?806";"            1?806";"             1?880"
"80";"   80";"           24.67";"           24.67";"          44?526";"          44?526";"           0";"            0.00";"      39?445";"      9?025";"              0";"          3?945";"      1?805";"     4.9";"        113%";"     89%";"             1?806";"            1?806";"             1?880"
"81";"   81";"           24.67";"           24.67";"          44?526";"          44?526";"           0";"            0.00";"      39?445";"      9?025";"              0";"          3?945";"      1?805";"     4.9";"        113%";"     89%";"             1?806";"            1?806";"             1?880"
"82";"   82";"           24.67";"           24.67";"          44?526";"          44?526";"           0";"            0.00";"      39?445";"      9?025";"              0";"          3?945";"      1?805";"     4.9";"        113%";"     89%";"             1?806";"            1?806";"             1?880"
"83";"   83";"           24.67";"           24.67";"          44?526";"          44?526";"           0";"            0.00";"      39?445";"      9?025";"              0";"          3?945";"      1?805";"     4.9";"        113%";"     89%";"             1?806";"            1?806";"             1?880"
"84";"   84";"           24.67";"           24.67";"          44?526";"          44?526";"           0";"            0.00";"      39?445";"      9?025";"              0";"          3?945";"      1?805";"     4.9";"        113%";"     89%";"             1?806";"            1?806";"             1?880"
"85";"   85";"           24.67";"           24.67";"          44?526";"          44?526";"           0";"            0.00";"      39?445";"      9?025";"              0";"          3?945";"      1?805";"     4.9";"        113%";"     89%";"             1?806";"            1?806";"             1?880"
"86";"   86";"           24.67";"           24.67";"          44?526";"          44?526";"           0";"            0.00";"      39?445";"      9?025";"              0";"          3?945";"      1?805";"     4.9";"        113%";"     89%";"             1?806";"            1?806";"             1?880"
"87";"   87";"           24.67";"           24.67";"          44?526";"          44?526";"           0";"            0.00";"      39?445";"      9?025";"              0";"          3?945";"      1?805";"     4.9";"        113%";"     89%";"             1?806";"            1?806";"             1?880"
"88";"   88";"           24.67";"           24.67";"          44?526";"          44?526";"           0";"            0.00";"      39?445";"      9?025";"              0";"          3?945";"      1?805";"     4.9";"        113%";"     89%";"             1?806";"            1?806";"             1?880"
"89";"   89";"           24.67";"           24.67";"          44?526";"          44?526";"           0";"            0.00";"      39?445";"      9?025";"              0";"          3?945";"      1?805";"     4.9";"        113%";"     89%";"             1?806";"            1?806";"             1?880"
"90";"   90";"           24.67";"           24.67";"          44?526";"          44?526";"           0";"            0.00";"      39?445";"      9?025";"              0";"          3?945";"      1?805";"     4.9";"        113%";"     89%";"             1?806";"            1?806";"             1?880"
"91";"   91";"           24.67";"           24.67";"          44?526";"          44?526";"           0";"            0.00";"      39?445";"      9?025";"              0";"          3?945";"      1?805";"     4.9";"        113%";"     89%";"             1?806";"            1?806";"             1?880"
"92";"   92";"           24.67";"           24.67";"          44?526";"          44?526";"           0";"            0.00";"      39?445";"      9?025";"              0";"          3?945";"      1?805";"     4.9";"        113%";"     89%";"             1?806";"            1?806";"             1?880"
"93";"   93";"           24.67";"           24.67";"          44?526";"          44?526";"           0";"            0.00";"      39?445";"      9?025";"              0";"          3?945";"      1?805";"     4.9";"        113%";"     89%";"             1?806";"            1?806";"             1?880"
"94";"   94";"           24.67";"           24.67";"          44?526";"          44?526";"           0";"            0.00";"      39?445";"      9?025";"              0";"          3?945";"      1?805";"     4.9";"        113%";"     89%";"             1?806";"            1?806";"             1?880"
"95";"   95";"           24.67";"           24.67";"          44?526";"          44?526";"           0";"            0.00";"      39?445";"      9?025";"              0";"          3?945";"      1?805";"     4.9";"        113%";"     89%";"             1?806";"            1?806";"             1?880"
"96";"   96";"           24.67";"           24.67";"          44?526";"          44?526";"           0";"            0.00";"      39?445";"      9?025";"              0";"          3?945";"      1?805";"     4.9";"        113%";"     89%";"             1?806";"            1?806";"             1?880"
"97";"   97";"           24.67";"           24.67";"          44?526";"          44?526";"           0";"            0.00";"      39?445";"      9?025";"              0";"          3?945";"      1?805";"     4.9";"        113%";"     89%";"             1?806";"            1?806";"             1?880"
"98";"   98";"           24.67";"           24.67";"          44?526";"          44?526";"           0";"            0.00";"      39?445";"      9?025";"              0";"          3?945";"      1?805";"     4.9";"        113%";"     89%";"             1?806";"            1?806";"             1?880"
"99";"   99";"           24.67";"           24.67";"          44?526";"          44?526";"           0";"            0.00";"      39?445";"      9?025";"              0";"          3?945";"      1?805";"     4.9";"        113%";"     89%";"             1?806";"            1?806";"             1?880"
"100";"  100";"           24.67";"           24.67";"          44?526";"          44?526";"           0";"            0.00";"      39?445";"      9?025";"              0";"          3?945";"      1?805";"     4.9";"        113%";"     89%";"             1?806";"            1?806";"             1?880"
"101";"  101";"           24.67";"           24.67";"          44?526";"          44?526";"           0";"            0.00";"      39?445";"      9?025";"              0";"          3?945";"      1?805";"     4.9";"        113%";"     89%";"             1?806";"            1?806";"             1?880"
"102";"  102";"           24.67";"           24.67";"          44?526";"          44?526";"           0";"            0.00";"      39?445";"      9?025";"              0";"          3?945";"      1?805";"     4.9";"        113%";"     89%";"             1?806";"            1?806";"             1?880"
"103";"  103";"           24.67";"           24.67";"          44?526";"          44?526";"           0";"            0.00";"      39?445";"      9?025";"              0";"          3?945";"      1?805";"     4.9";"        113%";"     89%";"             1?806";"            1?806";"             1?880"
"104";"  104";"           24.67";"           24.67";"          44?526";"          44?526";"           0";"            0.00";"      39?445";"      9?025";"              0";"          3?945";"      1?805";"     4.9";"        113%";"     89%";"             1?806";"            1?806";"             1?880"
"105";"  105";"           24.67";"           24.67";"          44?526";"          44?526";"           0";"            0.00";"      39?445";"      9?025";"              0";"          3?945";"      1?805";"     4.9";"        113%";"     89%";"             1?806";"            1?806";"             1?880"
"106";"  106";"           24.67";"           24.67";"          44?526";"          44?526";"           0";"            0.00";"      39?445";"      9?025";"              0";"          3?945";"      1?805";"     4.9";"        113%";"     89%";"             1?806";"            1?806";"             1?880"
"107";"  107";"           24.67";"           24.67";"          44?526";"          44?526";"           0";"            0.00";"      39?445";"      9?025";"              0";"          3?945";"      1?805";"     4.9";"        113%";"     89%";"             1?806";"            1?806";"             1?880"
"108";"  108";"           24.67";"           24.67";"          44?526";"          44?526";"           0";"            0.00";"      39?445";"      9?025";"              0";"          3?945";"      1?805";"     4.9";"        113%";"     89%";"             1?806";"            1?806";"             1?880"
"109";"  109";"           24.67";"           24.67";"          44?526";"          44?526";"           0";"            0.00";"      39?445";"      9?025";"              0";"          3?945";"      1?805";"     4.9";"        113%";"     89%";"             1?806";"            1?806";"             1?880"
"110";"  110";"           24.67";"           24.67";"          44?526";"          44?526";"           0";"            0.00";"      39?445";"      9?025";"              0";"          3?945";"      1?805";"     4.9";"        113%";"     89%";"             1?806";"            1?806";"             1?880"
"111";"  111";"           24.67";"           24.67";"          44?526";"          44?526";"           0";"            0.00";"      39?445";"      9?025";"              0";"          3?945";"      1?805";"     4.9";"        113%";"     89%";"             1?806";"            1?806";"             1?880"
"112";"  112";"           24.67";"           24.67";"          44?526";"          44?526";"           0";"            0.00";"      39?445";"      9?025";"              0";"          3?945";"      1?805";"     4.9";"        113%";"     89%";"             1?806";"            1?806";"             1?880"
"113";"  113";"           24.67";"           24.67";"          44?526";"          44?526";"           0";"            0.00";"      39?445";"      9?025";"              0";"          3?945";"      1?805";"     4.9";"        113%";"     89%";"             1?806";"            1?806";"             1?880"
"114";"  114";"           24.67";"           24.67";"          44?526";"          44?526";"           0";"            0.00";"      39?445";"      9?025";"              0";"          3?945";"      1?805";"     4.9";"        113%";"     89%";"             1?806";"            1?806";"             1?880"
"115";"  115";"           24.67";"           24.67";"          44?526";"          44?526";"           0";"            0.00";"      39?445";"      9?025";"              0";"          3?945";"      1?805";"     4.9";"        113%";"     89%";"             1?806";"            1?806";"             1?880"
"116";"  116";"           24.67";"           24.67";"          44?526";"          44?526";"           0";"            0.00";"      39?445";"      9?025";"              0";"          3?945";"      1?805";"     4.9";"        113%";"     89%";"             1?806";"            1?806";"             1?880"
"117";"  117";"           24.67";"           24.67";"          44?526";"          44?526";"           0";"            0.00";"      39?445";"      9?025";"              0";"          3?945";"      1?805";"     4.9";"        113%";"     89%";"             1?806";"            1?806";"             1?880"
"118";"  118";"           24.67";"           24.67";"          44?526";"          44?526";"           0";"            0.00";"      39?445";"      9?025";"              0";"          3?945";"      1?805";"     4.9";"        113%";"     89%";"             1?806";"            1?806";"             1?880"
"119";"  119";"           24.67";"           24.67";"          44?526";"          44?526";"           0";"            0.00";"      39?445";"      9?025";"              0";"          3?945";"      1?805";"     4.9";"        113%";"     89%";"             1?806";"            1?806";"             1?880"
"120";"  120";"           24.67";"           24.67";"          44?526";"          44?526";"           0";"            0.00";"      39?445";"      9?025";"              0";"          3?945";"      1?805";"     4.9";"        113%";"     89%";"             1?806";"            1?806";"             1?880"
"121";"  121";"           24.67";"           24.67";"          44?526";"          44?526";"           0";"            0.00";"      39?445";"      9?025";"              0";"          3?945";"      1?805";"     4.9";"        113%";"     89%";"             1?806";"            1?806";"             1?880"
"122";"  122";"           24.67";"           24.67";"          44?526";"          44?526";"           0";"            0.00";"      39?445";"      9?025";"              0";"          3?945";"      1?805";"     4.9";"        113%";"     89%";"             1?806";"            1?806";"             1?880"
"123";"  123";"           24.67";"           24.67";"          44?526";"          44?526";"           0";"            0.00";"      39?445";"      9?025";"              0";"          3?945";"      1?805";"     4.9";"        113%";"     89%";"             1?806";"            1?806";"             1?880"
"124";"  124";"           24.67";"           24.67";"          44?526";"          44?526";"           0";"            0.00";"      39?445";"      9?025";"              0";"          3?945";"      1?805";"     4.9";"        113%";"     89%";"             1?806";"            1?806";"             1?880"
"125";"  125";"           24.67";"           24.67";"          44?526";"          44?526";"           0";"            0.00";"      39?445";"      9?025";"              0";"          3?945";"      1?805";"     4.9";"        113%";"     89%";"             1?806";"            1?806";"             1?880"
"126";"  126";"           24.67";"           24.67";"          44?526";"          44?526";"           0";"            0.00";"      39?445";"      9?025";"              0";"          3?945";"      1?805";"     4.9";"        113%";"     89%";"             1?806";"            1?806";"             1?880"
"127";"  127";"           24.67";"           24.67";"          44?526";"          44?526";"           0";"            0.00";"      39?445";"      9?025";"              0";"          3?945";"      1?805";"     4.9";"        113%";"     89%";"             1?806";"            1?806";"             1?880"
"128";"  128";"           24.67";"           24.67";"          44?526";"          44?526";"           0";"            0.00";"      39?445";"      9?025";"              0";"          3?945";"      1?805";"     4.9";"        113%";"     89%";"             1?806";"            1?806";"             1?880"
"129";"  129";"           24.67";"           24.67";"          44?526";"          44?526";"           0";"            0.00";"      39?445";"      9?025";"              0";"          3?945";"      1?805";"     4.9";"        113%";"     89%";"             1?806";"            1?806";"             1?880"
"130";"  130";"           24.67";"           24.67";"          44?526";"          44?526";"           0";"            0.00";"      39?445";"      9?025";"              0";"          3?945";"      1?805";"     4.9";"        113%";"     89%";"             1?806";"            1?806";"             1?880"
"131";"  131";"           24.67";"           24.67";"          44?526";"          44?526";"           0";"            0.00";"      39?445";"      9?025";"              0";"          3?945";"      1?805";"     4.9";"        113%";"     89%";"             1?806";"            1?806";"             1?880"
"132";"  132";"           24.67";"           24.67";"          44?526";"          44?526";"           0";"            0.00";"      39?445";"      9?025";"              0";"          3?945";"      1?805";"     4.9";"        113%";"     89%";"             1?806";"            1?806";"             1?880"
"133";"  133";"           24.67";"           24.67";"          44?526";"          44?526";"           0";"            0.00";"      39?445";"      9?025";"              0";"          3?945";"      1?805";"     4.9";"        113%";"     89%";"             1?806";"            1?806";"             1?880"
"134";"  134";"           24.67";"           24.67";"          44?526";"          44?526";"           0";"            0.00";"      39?445";"      9?025";"              0";"          3?945";"      1?805";"     4.9";"        113%";"     89%";"             1?806";"            1?806";"             1?880"
"135";"  135";"           24.67";"           24.67";"          44?526";"          44?526";"           0";"            0.00";"      39?445";"      9?025";"              0";"          3?945";"      1?805";"     4.9";"        113%";"     89%";"             1?806";"            1?806";"             1?880"
"136";"  136";"           24.67";"           24.67";"          44?526";"          44?526";"           0";"            0.00";"      39?445";"      9?025";"              0";"          3?945";"      1?805";"     4.9";"        113%";"     89%";"             1?806";"            1?806";"             1?880"
"137";"  137";"           24.67";"           24.67";"          44?526";"          44?526";"           0";"            0.00";"      39?445";"      9?025";"              0";"          3?945";"      1?805";"     4.9";"        113%";"     89%";"             1?806";"            1?806";"             1?880"
"138";"  138";"           24.67";"           24.67";"          44?526";"          44?526";"           0";"            0.00";"      39?445";"      9?025";"              0";"          3?945";"      1?805";"     4.9";"        113%";"     89%";"             1?806";"            1?806";"             1?880"
"139";"  139";"           24.67";"           24.67";"          44?526";"          44?526";"           0";"            0.00";"      39?445";"      9?025";"              0";"          3?945";"      1?805";"     4.9";"        113%";"     89%";"             1?806";"            1?806";"             1?880"
"140";"  140";"           24.67";"           24.67";"          44?526";"          44?526";"           0";"            0.00";"      39?445";"      9?025";"              0";"          3?945";"      1?805";"     4.9";"        113%";"     89%";"             1?806";"            1?806";"             1?880"
"141";"  141";"           24.67";"           24.67";"          44?526";"          44?526";"           0";"            0.00";"      39?445";"      9?025";"              0";"          3?945";"      1?805";"     4.9";"        113%";"     89%";"             1?806";"            1?806";"             1?880"
"142";"  142";"           24.67";"           24.67";"          44?526";"          44?526";"           0";"            0.00";"      39?445";"      9?025";"              0";"          3?945";"      1?805";"     4.9";"        113%";"     89%";"             1?806";"            1?806";"             1?880"
"143";"  143";"           24.67";"           24.67";"          44?526";"          44?526";"           0";"            0.00";"      39?445";"      9?025";"              0";"          3?945";"      1?805";"     4.9";"        113%";"     89%";"             1?806";"            1?806";"             1?880"
"144";"  144";"           24.67";"           24.67";"          44?526";"          44?526";"           0";"            0.00";"      39?445";"      9?025";"              0";"          3?945";"      1?805";"     4.9";"        113%";"     89%";"             1?806";"            1?806";"             1?880"
"145";"  145";"           24.67";"           24.67";"          44?526";"          44?526";"           0";"            0.00";"      39?445";"      9?025";"              0";"          3?945";"      1?805";"     4.9";"        113%";"     89%";"             1?806";"            1?806";"             1?880"
"146";"  146";"           24.67";"           24.67";"          44?526";"          44?526";"           0";"            0.00";"      39?445";"      9?025";"              0";"          3?945";"      1?805";"     4.9";"        113%";"     89%";"             1?806";"            1?806";"             1?880"
"147";"  147";"           24.67";"           24.67";"          44?526";"          44?526";"           0";"            0.00";"      39?445";"      9?025";"              0";"          3?945";"      1?805";"     4.9";"        113%";"     89%";"             1?806";"            1?806";"             1?880"
"148";"  148";"           24.67";"           24.67";"          44?526";"          44?526";"           0";"            0.00";"      39?445";"      9?025";"              0";"          3?945";"      1?805";"     4.9";"        113%";"     89%";"             1?806";"            1?806";"             1?880"
"149";"  149";"           24.67";"           24.67";"          44?526";"          44?526";"           0";"            0.00";"      39?445";"      9?025";"              0";"          3?945";"      1?805";"     4.9";"        113%";"     89%";"             1?806";"            1?806";"             1?880"
"150";"  150";"           24.67";"           24.67";"          44?526";"          44?526";"           0";"            0.00";"      39?445";"      9?025";"              0";"          3?945";"      1?805";"     4.9";"        113%";"     89%";"             1?806";"            1?806";"             1?880"
"151";"  151";"           24.67";"           24.67";"          44?526";"          44?526";"           0";"            0.00";"      39?445";"      9?025";"              0";"          3?945";"      1?805";"     4.9";"        113%";"     89%";"             1?806";"            1?806";"             1?880"
"152";"  152";"           24.67";"           24.67";"          44?526";"          44?526";"           0";"            0.00";"      39?445";"      9?025";"              0";"          3?945";"      1?805";"     4.9";"        113%";"     89%";"             1?806";"            1?806";"             1?880"
"153";"  153";"           24.67";"           24.67";"          44?526";"          44?526";"           0";"            0.00";"      39?445";"      9?025";"              0";"          3?945";"      1?805";"     4.9";"        113%";"     89%";"             1?806";"            1?806";"             1?880"
"154";"  154";"           24.67";"           24.67";"          44?526";"          44?526";"           0";"            0.00";"      39?445";"      9?025";"              0";"          3?945";"      1?805";"     4.9";"        113%";"     89%";"             1?806";"            1?806";"             1?880"
"155";"  155";"           24.67";"           24.67";"          44?526";"          44?526";"           0";"            0.00";"      39?445";"      9?025";"              0";"          3?945";"      1?805";"     4.9";"        113%";"     89%";"             1?806";"            1?806";"             1?880"
"156";"  156";"           24.67";"           24.67";"          44?526";"          44?526";"           0";"            0.00";"      39?445";"      9?025";"              0";"          3?945";"      1?805";"     4.9";"        113%";"     89%";"             1?806";"            1?806";"             1?880"
